{"capacity": [38.652519654980914], "sizes": [6.305892050670914, 1.4220202205530441, 0.4623547726441246, 5.345359853088654, 0.9629600161568674, 5.120153230918538, 2.883600411287021, 1.0065270986356178, 7.13227306932616, 1.7862890958609567, 7.305734831630745, 3.8098613674667314, 9.63904200676774, 2.057623544865179, 5.571022091223499, 7.697934473823493, 3.242150062051098, 2.4845237423791753, 0.8463381989415952, 5.9261473105519755, 7.824932259454881, 3.9427755814440224, 1.9883338514285331, 2.7305156307829046, 4.81269095682992, 3.1380733459214327, 2.2268396908473798, 3.6552479739785704, 3.5049638931710136, 3.4515506967416645, 6.284709349942447, 9.369020111738047, 9.384594048701835, 0.6010503398387312, 8.095684537806404, 6.583691395719233, 0.47667607446890803, 9.49689848277926, 8.293563286978456, 3.7901772671821354, 4.533932818957868, 3.5022229107947798, 0.005146792620763785, 8.577647761623187, 1.343783644466836, 0.8606199233395484, 4.3056294651803935, 1.6025920955366013, 4.043073326379647, 0.16575650941863307, 1.3778706049498535, 0.615923122427936, 1.3219026050359273, 3.3687554998054403, 0.4717932466159902, 7.608805275834348, 5.951268117123686, 0.6175969534727832, 1.300619370800532, 7.653328542617603, 1.9296001740094693, 9.110636536198086, 1.6672287647727368, 6.185319047546994, 8.569653932679023, 3.907076997845885, 5.822477003619964, 0.7866770088838082, 8.426939104210021, 6.214598859002467, 1.6743669862912047, 7.209805485191221, 2.319950847689105, 0.11689815819234006, 7.174233582410281, 1.7704941608305003, 6.827255461254654, 3.6396455300367148, 5.1054213065608725, 4.882886536393362, 9.712286272641892, 2.6508206360435005, 7.9288976082114635, 7.381434464561646, 0.5088146484723666, 9.155002962881763, 1.9878253536347434, 3.431585707080772, 9.577127991280474, 0.30397004259635096, 6.450274019956364, 0.7510348752283991, 7.4395905498006, 1.2607545639639883, 3.500830664541128, 5.696199242756405, 8.25337076174195, 2.4467296215550096, 4.838612281282907, 4.1651032032636826, 3.4122004119870866, 6.718706688184525, 5.503401657984211, 3.702773975551632, 6.741251428510221, 5.132333338584116, 2.2570835390609667, 7.054690583477471, 5.341972409025658, 8.96348160022009, 0.7022312573881972, 5.980187428135782, 9.431816095573563, 7.184951376011156, 0.9301488186762452, 2.278062578516147, 1.4099689386600445, 0.9636210031320125, 2.468644333623934, 5.082374392211641, 8.215349172395538, 8.794446320969707, 4.367321403127122, 3.5515351688942696, 8.320263489216703, 1.0971142486355456, 4.659710502295936, 1.4696523894588998, 2.8027100875311604, 6.588131548088839, 7.239208089258113, 0.16612240328069294, 3.6645685285890828, 6.862959607931773, 3.767814232073002, 4.0697024107860225, 3.719820971686796, 5.6148361837877845, 8.242503443665859, 3.0499559740472524, 0.5723117624446183, 1.2772621254186245, 7.638878123125025, 1.878265069661088, 2.897241134750912, 0.5383774297054078, 9.403957013365297, 7.587731199895039, 0.675254984091499, 6.386310522065641, 9.127867173083887, 5.741553493854169, 4.019756237157437, 9.423172306079884, 6.324020942691591, 3.4004303513858645, 6.533283970001884, 3.779643270758972, 9.152978778246654, 5.746219658850681, 7.854642877806017, 9.053941732328635, 2.437821917145847, 4.785032122167065, 6.369487201775464, 4.621180182703415, 2.018136476593929, 6.229855972427174, 3.846229142314661, 3.9186248367515653, 8.316331484064646, 7.171458957740904, 0.7550783929221205, 7.8516262683188485, 8.480367667175488, 9.556146956795457, 7.944513991971174, 7.007879551164114, 1.5020526473177365, 7.6601396429743165, 3.968578508566222, 1.1223813366535862, 6.093753762470094, 5.1428862639828745, 8.437903214726884, 2.691924765917114, 5.545148493732461, 8.921147323901307, 5.83860793743895, 6.036955076565354, 5.023319390781538, 6.886630655043224, 3.0809457409547, 8.709568326530531, 8.960692902578929, 8.494393075871386, 6.611880210760441, 9.718793370545168, 4.57174504538428, 0.4064207441851653, 7.552881695473912, 8.282461712240062, 5.273447094620611, 0.59417941568222, 5.471581060281807, 0.36455138600065107, 5.234518552152265, 9.45195715448652, 3.0060355828352736, 2.762705811715065, 6.346840553318753, 9.56005907667855, 8.893480690601832, 6.615550625206398, 6.026648653942535, 8.980453726570211, 9.527850069858946, 4.574884993291448, 8.393134794576092, 4.691469972977988, 6.17690211130896, 7.2462234782748265, 7.410833211793854, 5.7623675583109355, 4.966841523883556, 1.8859953840578725, 6.1426319955962025, 5.7962021718209655, 1.6276086134778334, 7.071005469485216, 3.0681882188518204, 7.75949507530844, 4.450724207664235, 1.826843744068849, 1.5064798952763248, 9.44791746481312, 2.9162471783532062, 7.2664700212496, 4.215246837315284, 1.1698380154854549, 7.9585790083647705, 0.39646457579409433, 1.3403107787561963, 9.723699937492967, 0.5079371165015678, 2.693306467033686, 1.6813622458669675, 4.436038007343007, 1.4204828631115984, 6.084369018415372, 2.7731034177047595, 6.2069579192190645, 3.5188327292432597, 7.151648374059608, 9.025244710843204, 4.76070598749692, 1.7496375032270006, 3.9245847565702965, 0.6893011047091657, 5.594862045913481, 2.655968697436829, 2.28627384488974, 6.899853533206883, 8.427890638248769, 9.787532936518236, 4.490948987737996, 5.024177336418435, 5.133754503052258, 9.593938713175447, 6.718882564471346, 1.9233245203087235, 1.1055569109611685, 9.89162734646113, 7.616533215784694, 1.3965186527444573, 1.2212808149155274, 7.447598107695632, 4.415475865628572, 0.6456894198235397, 7.929378237069049, 2.2027861169468075, 0.4260069735543326, 0.7865774082829735, 8.846136079076267, 3.4957631670638722, 2.6925742731520765, 6.255102830994057, 2.834059175705237, 1.4966633809434016, 7.648883443451314, 2.1504793772148623, 3.4336754870168615, 3.987293626972812, 0.4509384441121511, 7.040434503112748, 2.4727958645694246, 9.540813549001872, 8.498718919269415, 5.726583920252643, 8.292389536034857],