{"objective": [17.744320890695864, 4.240751128622917, 4.3780061510033, 11.483580764837281], "RHS_vector": [3.5558425667235216, 5.460067072893331, 1.038113333786197, 5.154107369076466, 1.082277267458227, 6.5161291973620035], "constraints": [[5.817942679223513, 10.948262625336707, 5.84847024518516, 6.817395420092884], [16.210194327789015, 3.081061971053063, 2.463431604484283, 1.6883384574543614], [1.9695239409569543, 7.093326450294784, 9.385604744400824, 3.044553972316484], [16.055042130154327, 6.808791773275546, 14.84981457583614, 3.214488385125198], [18.391724649890328, 11.123021040856427, 19.602141235373708, 14.633858351809375], [3.9612370686148246, 17.15497950825305, 7.7874321493268095, 12.133974923364041]]}